title,x1,x2,x3,x4
Women/Men Strangelove X Nike SB Dunk Low,https://i.pinimg.com/236x/4d/70/23/4d7023da2c81cf741c1668773cb37163.jpg,https://i.pinimg.com/474x/4d/70/23/4d7023da2c81cf741c1668773cb37163.jpg,https://i.pinimg.com/736x/4d/70/23/4d7023da2c81cf741c1668773cb37163.jpg,https://i.pinimg.com/originals/4d/70/23/4d7023da2c81cf741c1668773cb37163.png
SB Dunk Low TRD QS 883232 001 Black,https://i.pinimg.com/236x/34/b8/2a/34b82a176bb1ba1d898a5dbbbfde7097.jpg,https://i.pinimg.com/474x/34/b8/2a/34b82a176bb1ba1d898a5dbbbfde7097.jpg,https://i.pinimg.com/736x/34/b8/2a/34b82a176bb1ba1d898a5dbbbfde7097.jpg,https://i.pinimg.com/originals/34/b8/2a/34b82a176bb1ba1d898a5dbbbfde7097.png
StrangeLove Skateboards x Nike SB Dunk Release Date | HYPEBEAST,https://i.pinimg.com/236x/e6/f2/ca/e6f2ca0c3830b28b9b7ca6fad9ec7c52.jpg,https://i.pinimg.com/474x/e6/f2/ca/e6f2ca0c3830b28b9b7ca6fad9ec7c52.jpg,https://i.pinimg.com/736x/e6/f2/ca/e6f2ca0c3830b28b9b7ca6fad9ec7c52.jpg,https://i.pinimg.com/originals/e6/f2/ca/e6f2ca0c3830b28b9b7ca6fad9ec7c52.png
Nike SB Zoom Stefan Janoski RM Skate Shoe. Nike.com,https://i.pinimg.com/236x/42/7f/44/427f4455b30b3c00d278a731240a3f0e.jpg,https://i.pinimg.com/474x/42/7f/44/427f4455b30b3c00d278a731240a3f0e.jpg,https://i.pinimg.com/736x/42/7f/44/427f4455b30b3c00d278a731240a3f0e.jpg,https://i.pinimg.com/originals/42/7f/44/427f4455b30b3c00d278a731240a3f0e.jpg
(eBay Sponsored) Nike SB Dunk Low ‚Äò Strangelove ‚Äò - Size 10 - CT2552-800,https://i.pinimg.com/236x/3f/61/f2/3f61f25c1600c0102418a78fcd176c34.jpg,https://i.pinimg.com/474x/3f/61/f2/3f61f25c1600c0102418a78fcd176c34.jpg,https://i.pinimg.com/736x/3f/61/f2/3f61f25c1600c0102418a78fcd176c34.jpg,https://i.pinimg.com/originals/3f/61/f2/3f61f25c1600c0102418a78fcd176c34.jpg
"The Nike Sb Dunk Low ‚Äúj-pack - Shadow‚Äù Sees The Return Of The Air Jordan 1-inspired Color Blocking As Part Of Nike‚Äôs Full-on Dunk Revolution Of 2020. Following The Initial ""j-pack,"" Meaning ""jordan Pack,"" Of 2005 That Included ""bred"" And ""royal"" Looks For The Dunk, Nike Sb Taps Into More Nostalgia On This Colorway That Is No Doubt Inspired By The Air Jordan 1 ‚Äúshadow. ‚Äù The Construction Features A Black Leather And Nubuck Upper With Perforated Grey Leather Toe And Grey Nubuck Swooshes. Additiona",https://i.pinimg.com/236x/43/57/fb/4357fbcf81ddc9690acc13ad3496d0e3.jpg,https://i.pinimg.com/474x/43/57/fb/4357fbcf81ddc9690acc13ad3496d0e3.jpg,https://i.pinimg.com/736x/43/57/fb/4357fbcf81ddc9690acc13ad3496d0e3.jpg,https://i.pinimg.com/originals/43/57/fb/4357fbcf81ddc9690acc13ad3496d0e3.png
Nike Blazer Low By You Custom Men's Shoe. Nike.com,https://i.pinimg.com/236x/38/13/85/381385d5bc4585e3d0082dcd5ed89990.jpg,https://i.pinimg.com/474x/38/13/85/381385d5bc4585e3d0082dcd5ed89990.jpg,https://i.pinimg.com/736x/38/13/85/381385d5bc4585e3d0082dcd5ed89990.jpg,https://i.pinimg.com/originals/38/13/85/381385d5bc4585e3d0082dcd5ed89990.png
Copuon StrangeLove X Nike SB Dunk Low,https://i.pinimg.com/236x/ec/e6/b0/ece6b0eeb8ae6eecbb523c8f8629c894.jpg,https://i.pinimg.com/474x/ec/e6/b0/ece6b0eeb8ae6eecbb523c8f8629c894.jpg,https://i.pinimg.com/736x/ec/e6/b0/ece6b0eeb8ae6eecbb523c8f8629c894.jpg,https://i.pinimg.com/originals/ec/e6/b0/ece6b0eeb8ae6eecbb523c8f8629c894.png
Nike Dunk High PRM DLS SB sneakers - White,https://i.pinimg.com/236x/5a/df/99/5adf9995b43cca9e633b78f28da14cbc.jpg,https://i.pinimg.com/474x/5a/df/99/5adf9995b43cca9e633b78f28da14cbc.jpg,https://i.pinimg.com/736x/5a/df/99/5adf9995b43cca9e633b78f28da14cbc.jpg,https://i.pinimg.com/originals/5a/df/99/5adf9995b43cca9e633b78f28da14cbc.jpg
Nike SB Blazer Low GT Skate Shoe Size 13 (Desert Ore),https://i.pinimg.com/236x/48/cd/fa/48cdfa0f2369488c81727fd63c2411cf.jpg,https://i.pinimg.com/474x/48/cd/fa/48cdfa0f2369488c81727fd63c2411cf.jpg,https://i.pinimg.com/736x/48/cd/fa/48cdfa0f2369488c81727fd63c2411cf.jpg,https://i.pinimg.com/originals/48/cd/fa/48cdfa0f2369488c81727fd63c2411cf.jpg
"Looking at the reference real vs fake SB Dunk x Strangelove image above, you can see how the fake shoes have their Swoosh looking too thick and too little curvy at the top.  On the other hand, the authentic SB Dunks have their Swoosh looking curvier and thinner at the top.",https://i.pinimg.com/236x/95/af/8d/95af8d214a6515c02a5ae0f14c8e7d43.jpg,https://i.pinimg.com/474x/95/af/8d/95af8d214a6515c02a5ae0f14c8e7d43.jpg,https://i.pinimg.com/736x/95/af/8d/95af8d214a6515c02a5ae0f14c8e7d43.jpg,https://i.pinimg.com/originals/95/af/8d/95af8d214a6515c02a5ae0f14c8e7d43.jpg
Women/Men Strangelove X Nike SB Dunk Low,https://i.pinimg.com/236x/a6/84/bd/a684bd338fbc772c8a0662019420cba4.jpg,https://i.pinimg.com/474x/a6/84/bd/a684bd338fbc772c8a0662019420cba4.jpg,https://i.pinimg.com/736x/a6/84/bd/a684bd338fbc772c8a0662019420cba4.jpg,https://i.pinimg.com/originals/a6/84/bd/a684bd338fbc772c8a0662019420cba4.png
"- Color: Varsity Maize/Pine Green-White - Style #: CU1727-700 | Men's Nike Dunk Low ""Brazil"" Shoes in Varsity Maize/Pine Green, Size 8",https://i.pinimg.com/236x/56/cd/1a/56cd1a95790a9164d55787fa91f7b090.jpg,https://i.pinimg.com/474x/56/cd/1a/56cd1a95790a9164d55787fa91f7b090.jpg,https://i.pinimg.com/736x/56/cd/1a/56cd1a95790a9164d55787fa91f7b090.jpg,https://i.pinimg.com/originals/56/cd/1a/56cd1a95790a9164d55787fa91f7b090.jpg
"Nike SB Dunk Low Pro ""Safari"" - CD2563 002 - 2020",https://i.pinimg.com/236x/5f/86/52/5f86525a9c0c7a110385b608bcda0a0e.jpg,https://i.pinimg.com/474x/5f/86/52/5f86525a9c0c7a110385b608bcda0a0e.jpg,https://i.pinimg.com/736x/5f/86/52/5f86525a9c0c7a110385b608bcda0a0e.jpg,https://i.pinimg.com/originals/5f/86/52/5f86525a9c0c7a110385b608bcda0a0e.png
"STRANGELOVE X DUNK LOW SB ""VALENTINE'S DAY"" CT2552 800",https://i.pinimg.com/236x/6e/6c/77/6e6c7788852079b58c7e17a156513a85.jpg,https://i.pinimg.com/474x/6e/6c/77/6e6c7788852079b58c7e17a156513a85.jpg,https://i.pinimg.com/736x/6e/6c/77/6e6c7788852079b58c7e17a156513a85.jpg,https://i.pinimg.com/originals/6e/6c/77/6e6c7788852079b58c7e17a156513a85.png
Nike - Brown,https://i.pinimg.com/236x/e1/c6/c7/e1c6c76c95f72d629d5af5dc9b72c004.jpg,https://i.pinimg.com/474x/e1/c6/c7/e1c6c76c95f72d629d5af5dc9b72c004.jpg,https://i.pinimg.com/736x/e1/c6/c7/e1c6c76c95f72d629d5af5dc9b72c004.jpg,https://i.pinimg.com/originals/e1/c6/c7/e1c6c76c95f72d629d5af5dc9b72c004.jpg
Nike Dunk SB Low Laser Crimson - 304292-606,https://i.pinimg.com/236x/99/51/b8/9951b83be5110a38b7bade1367113fe0.jpg,https://i.pinimg.com/474x/99/51/b8/9951b83be5110a38b7bade1367113fe0.jpg,https://i.pinimg.com/736x/99/51/b8/9951b83be5110a38b7bade1367113fe0.jpg,https://i.pinimg.com/originals/99/51/b8/9951b83be5110a38b7bade1367113fe0.png
Nike SB Dunk Mid Pro ISO - CD6754 001,https://i.pinimg.com/236x/0f/ee/57/0fee578b052d3f98c69dffcacddd4535.jpg,https://i.pinimg.com/474x/0f/ee/57/0fee578b052d3f98c69dffcacddd4535.jpg,https://i.pinimg.com/736x/0f/ee/57/0fee578b052d3f98c69dffcacddd4535.jpg,https://i.pinimg.com/originals/0f/ee/57/0fee578b052d3f98c69dffcacddd4535.png
"Nike SB, Nike Skateboarding | Zumiez",https://i.pinimg.com/236x/ac/4c/eb/ac4ceb291c2b4f5e88499b0dadd2d1f3.jpg,https://i.pinimg.com/474x/ac/4c/eb/ac4ceb291c2b4f5e88499b0dadd2d1f3.jpg,https://i.pinimg.com/736x/ac/4c/eb/ac4ceb291c2b4f5e88499b0dadd2d1f3.jpg,https://i.pinimg.com/originals/ac/4c/eb/ac4ceb291c2b4f5e88499b0dadd2d1f3.jpg
"SneakersFromFrance.com on Instagram: ‚ÄúNike SB Dunk Low Strangelove üíò We still can‚Äôt believe how fast this one went üìà ‚Ä¢‚Ä¢‚Ä¢ 100% Real, worldwide shipping -> Sneakersfromfrance.com‚Äù",https://i.pinimg.com/236x/4b/a4/07/4ba407dde9fd575ec2a51e11e6329c62.jpg,https://i.pinimg.com/474x/4b/a4/07/4ba407dde9fd575ec2a51e11e6329c62.jpg,https://i.pinimg.com/736x/4b/a4/07/4ba407dde9fd575ec2a51e11e6329c62.jpg,https://i.pinimg.com/originals/4b/a4/07/4ba407dde9fd575ec2a51e11e6329c62.jpg
StrangeLove x Nike SB Dunk Low Valentines Day Pink CT2552-800,https://i.pinimg.com/236x/a5/87/8b/a5878b508a583af3dfb983c9941d4346.jpg,https://i.pinimg.com/474x/a5/87/8b/a5878b508a583af3dfb983c9941d4346.jpg,https://i.pinimg.com/736x/a5/87/8b/a5878b508a583af3dfb983c9941d4346.jpg,https://i.pinimg.com/originals/a5/87/8b/a5878b508a583af3dfb983c9941d4346.png
"Nike SB Dunk Retro Low ‚ÄòStrangelove‚Äô      -Release Date: Saturday, February 8th 2020      -Price: $100",https://i.pinimg.com/236x/53/33/00/5333009e560bfad89541135bb3907aaa.jpg,https://i.pinimg.com/474x/53/33/00/5333009e560bfad89541135bb3907aaa.jpg,https://i.pinimg.com/736x/53/33/00/5333009e560bfad89541135bb3907aaa.jpg,https://i.pinimg.com/originals/53/33/00/5333009e560bfad89541135bb3907aaa.png
Shop Nike SB Dunk Low Pro QS Valentine‚Äôs Day StrangeLove CT2552-800,https://i.pinimg.com/236x/98/bc/a8/98bca8cc3642d1f630d4a52f44943405.jpg,https://i.pinimg.com/474x/98/bc/a8/98bca8cc3642d1f630d4a52f44943405.jpg,https://i.pinimg.com/736x/98/bc/a8/98bca8cc3642d1f630d4a52f44943405.jpg,https://i.pinimg.com/originals/98/bc/a8/98bca8cc3642d1f630d4a52f44943405.png
Dunk Low SB x StrangeLove Valentines Day pink swoosh sneaker,https://i.pinimg.com/236x/a6/b1/d3/a6b1d398b8816bbbc0218abd67711860.jpg,https://i.pinimg.com/474x/a6/b1/d3/a6b1d398b8816bbbc0218abd67711860.jpg,https://i.pinimg.com/736x/a6/b1/d3/a6b1d398b8816bbbc0218abd67711860.jpg,https://i.pinimg.com/originals/a6/b1/d3/a6b1d398b8816bbbc0218abd67711860.png
StrangeLove x Nike SB Dunk Low Valentine‚Äôs Day CT2552-800,https://i.pinimg.com/236x/2e/23/b2/2e23b2bd9160dd778f5a41d5722b88a7.jpg,https://i.pinimg.com/474x/2e/23/b2/2e23b2bd9160dd778f5a41d5722b88a7.jpg,https://i.pinimg.com/736x/2e/23/b2/2e23b2bd9160dd778f5a41d5722b88a7.jpg,https://i.pinimg.com/originals/2e/23/b2/2e23b2bd9160dd778f5a41d5722b88a7.jpg
Nike SB x Strangelove Dunk Low Pro (Bright Melon & Gym Red),https://i.pinimg.com/236x/a9/4d/60/a94d60358af9e7b6e22fe3a68f9fc6ed.jpg,https://i.pinimg.com/474x/a9/4d/60/a94d60358af9e7b6e22fe3a68f9fc6ed.jpg,https://i.pinimg.com/736x/a9/4d/60/a94d60358af9e7b6e22fe3a68f9fc6ed.jpg,https://i.pinimg.com/originals/a9/4d/60/a94d60358af9e7b6e22fe3a68f9fc6ed.png
"International convenience store chain¬†7-Eleven¬†and¬†Nike SB¬†have teamed up for a special¬†SB Dunk Low. 2020 has already been an eventful year on the collaborative front for¬†Nike‚Äòs skate subdivision as it‚Äôs tapped everyone from¬†Ben & Jerry‚Äôs¬†to¬†Travis Scott¬†and¬†Strangelove Skateboards. However, this 7-Eleven partnership has produced what‚Äôs undeniably the most unexpected SB Dunk yet. View this post on Instagram This [‚Ä¶] The post First",https://i.pinimg.com/236x/25/84/86/258486a6cfdc747e7c8f18c6c63b4682.jpg,https://i.pinimg.com/474x/25/84/86/258486a6cfdc747e7c8f18c6c63b4682.jpg,https://i.pinimg.com/736x/25/84/86/258486a6cfdc747e7c8f18c6c63b4682.jpg,https://i.pinimg.com/originals/25/84/86/258486a6cfdc747e7c8f18c6c63b4682.jpg
Nike SB Blazer Low GT Skate Shoe (Black),https://i.pinimg.com/236x/37/5b/47/375b47a2c6c55e95a7807252c5aa4d91.jpg,https://i.pinimg.com/474x/37/5b/47/375b47a2c6c55e95a7807252c5aa4d91.jpg,https://i.pinimg.com/736x/37/5b/47/375b47a2c6c55e95a7807252c5aa4d91.jpg,https://i.pinimg.com/originals/37/5b/47/375b47a2c6c55e95a7807252c5aa4d91.jpg
"Made in collaboration with Sean Cliver‚Äôs skate brand, the StrangeLove x Dunk Low SB QS 'Valentine's Day' celebrates the romantic holiday with a plush take on the retro silhouette. The upper is constructed from white crushed velvet with pink suede overlays and a red velvet Swoosh. Cliver‚Äôs ‚ÄòHeart Skull‚Äô graphic is embroidered on the lateral heel, while the translucent pink rubber outsole reveals an array of scattered hearts in contrasting red and blue tones.",https://i.pinimg.com/236x/0c/e9/9e/0ce99e1bd48a6f15f835b91ba5708ff9.jpg,https://i.pinimg.com/474x/0c/e9/9e/0ce99e1bd48a6f15f835b91ba5708ff9.jpg,https://i.pinimg.com/736x/0c/e9/9e/0ce99e1bd48a6f15f835b91ba5708ff9.jpg,https://i.pinimg.com/originals/0c/e9/9e/0ce99e1bd48a6f15f835b91ba5708ff9.png
Strangelove Skateboards Nike SB Dunk Low,https://i.pinimg.com/236x/68/db/5f/68db5fc4df5c8adffe8a647ca070219d.jpg,https://i.pinimg.com/474x/68/db/5f/68db5fc4df5c8adffe8a647ca070219d.jpg,https://i.pinimg.com/736x/68/db/5f/68db5fc4df5c8adffe8a647ca070219d.jpg,https://i.pinimg.com/originals/68/db/5f/68db5fc4df5c8adffe8a647ca070219d.png
Nike Womens Mens Fashion Styles Shoes Sneakers | Nike Womens Mens Outift Casual Shoes Sneakers | Nike Fashion Shoes Sneakers 2020 Spring Summer Trends | StrangeLove x Dunk Low SB 'Valentine's Day' CT2552 800,https://i.pinimg.com/236x/63/bc/0c/63bc0c0a0d03e33eba50e7a865df47e7.jpg,https://i.pinimg.com/474x/63/bc/0c/63bc0c0a0d03e33eba50e7a865df47e7.jpg,https://i.pinimg.com/736x/63/bc/0c/63bc0c0a0d03e33eba50e7a865df47e7.jpg,https://i.pinimg.com/originals/63/bc/0c/63bc0c0a0d03e33eba50e7a865df47e7.jpg
Glitch AF1,https://i.pinimg.com/236x/be/17/70/be1770ddab919851d30ec8b215511ce4.jpg,https://i.pinimg.com/474x/be/17/70/be1770ddab919851d30ec8b215511ce4.jpg,https://i.pinimg.com/736x/be/17/70/be1770ddab919851d30ec8b215511ce4.jpg,https://i.pinimg.com/originals/be/17/70/be1770ddab919851d30ec8b215511ce4.jpg
"-         En ce d√©but 2020, Nike affiche clairement sa volont√© de faire du mod√®le Dunk Low un incourtournable de l‚Äôann√©e. En plus de¬†cette p√©riode de Saint-Valentin marqu√©e par la Nike SB Dunk Low StrangeLove, la marque au swoosh revient 19 ans apr√®s avec une r√©√©dition en Low : la Dunk Low Plum. La Nike Dunk Low Plum pr√©sente un upper en su√®de dans deux teintes violettes, une plut√¥t p√¢le et une plut√¥t vive. Plusieurs touches de rouge sont √† noter, avec le swoosh √©galement en su√®de, les lacets et",https://i.pinimg.com/236x/04/3b/0d/043b0dd10128fe22bfc6dc28993d4d70.jpg,https://i.pinimg.com/474x/04/3b/0d/043b0dd10128fe22bfc6dc28993d4d70.jpg,https://i.pinimg.com/736x/04/3b/0d/043b0dd10128fe22bfc6dc28993d4d70.jpg,https://i.pinimg.com/originals/04/3b/0d/043b0dd10128fe22bfc6dc28993d4d70.png
Nike SB Zoom Stefan Janoski sneakers - Brown,https://i.pinimg.com/236x/45/89/cf/4589cfec49ba650b60f5ed947d48e62a.jpg,https://i.pinimg.com/474x/45/89/cf/4589cfec49ba650b60f5ed947d48e62a.jpg,https://i.pinimg.com/736x/45/89/cf/4589cfec49ba650b60f5ed947d48e62a.jpg,https://i.pinimg.com/originals/45/89/cf/4589cfec49ba650b60f5ed947d48e62a.jpg
Nike Kids' Nike SB Check Skate Shoe Grade School Shoes (Black/White) - 4.0 M,https://i.pinimg.com/236x/5c/b0/a8/5cb0a8a10f01eeae95ced7f0be6f8f02.jpg,https://i.pinimg.com/474x/5c/b0/a8/5cb0a8a10f01eeae95ced7f0be6f8f02.jpg,https://i.pinimg.com/736x/5c/b0/a8/5cb0a8a10f01eeae95ced7f0be6f8f02.jpg,https://i.pinimg.com/originals/5c/b0/a8/5cb0a8a10f01eeae95ced7f0be6f8f02.jpg
nike sb dunk low strangelove Special Box 9.5 #athletic #shoes (ebay link),https://i.pinimg.com/236x/48/25/ef/4825efa9364d2a9939b5e7508324d871.jpg,https://i.pinimg.com/474x/48/25/ef/4825efa9364d2a9939b5e7508324d871.jpg,https://i.pinimg.com/736x/48/25/ef/4825efa9364d2a9939b5e7508324d871.jpg,https://i.pinimg.com/originals/48/25/ef/4825efa9364d2a9939b5e7508324d871.jpg
2020Âπ¥2Êúà „Çπ„Éà„É¨„É≥„Ç∏„É©„Éñ x „Éä„Ç§„Ç≠SB „ÉÄ„É≥„ÇØ„É≠„Éº / StrangeLove x Nike SB Dunk Low CT2552-800,https://i.pinimg.com/236x/4c/37/00/4c3700acb691ec7119cdc1bd4664a15c.jpg,https://i.pinimg.com/474x/4c/37/00/4c3700acb691ec7119cdc1bd4664a15c.jpg,https://i.pinimg.com/736x/4c/37/00/4c3700acb691ec7119cdc1bd4664a15c.jpg,https://i.pinimg.com/originals/4c/37/00/4c3700acb691ec7119cdc1bd4664a15c.png
The Strange Love x Nike SB Dunk Low ‚ÄúHeart / Love‚Äù is scheduled to release on February 7th at Skate Shops and SNKRS App on February 8th for a retail of $100. Swipe Left to see the the full sneaker and on foot pictures! We are expecting an average resell value between $300 - $450. What are your thoughts on this SB Dunk? üå∏,https://i.pinimg.com/236x/cf/5d/c8/cf5dc86648bc6579ef65c9deffddb4a2.jpg,https://i.pinimg.com/474x/cf/5d/c8/cf5dc86648bc6579ef65c9deffddb4a2.jpg,https://i.pinimg.com/736x/cf/5d/c8/cf5dc86648bc6579ef65c9deffddb4a2.jpg,https://i.pinimg.com/originals/cf/5d/c8/cf5dc86648bc6579ef65c9deffddb4a2.jpg
Nike Womens Mens Fashion Styles Shoes Sneakers | Nike Womens Mens Outift Casual Shoes Sneakers | Nike Fashion Shoes Sneakers 2020 Spring Summer Trends | StrangeLove x Dunk Low SB 'Valentine's Day' ct2552 800,https://i.pinimg.com/236x/dc/c4/b0/dcc4b0ba9c5080e8fe76296e522eae48.jpg,https://i.pinimg.com/474x/dc/c4/b0/dcc4b0ba9c5080e8fe76296e522eae48.jpg,https://i.pinimg.com/736x/dc/c4/b0/dcc4b0ba9c5080e8fe76296e522eae48.jpg,https://i.pinimg.com/originals/dc/c4/b0/dcc4b0ba9c5080e8fe76296e522eae48.jpg
StrangeLove x Nike SB Dunk Low Valentine‚Äôs Day 2020,https://i.pinimg.com/236x/17/ed/f2/17edf209fa220d2491cf07eb1e200bc1.jpg,https://i.pinimg.com/474x/17/ed/f2/17edf209fa220d2491cf07eb1e200bc1.jpg,https://i.pinimg.com/736x/17/ed/f2/17edf209fa220d2491cf07eb1e200bc1.jpg,https://i.pinimg.com/originals/17/ed/f2/17edf209fa220d2491cf07eb1e200bc1.png
Nike SB Janoski Ivory & Gum Canvas Skate Shoes | Zumiez,https://i.pinimg.com/236x/9b/7e/73/9b7e733ea2446d9a241934d331a19152.jpg,https://i.pinimg.com/474x/9b/7e/73/9b7e733ea2446d9a241934d331a19152.jpg,https://i.pinimg.com/736x/9b/7e/73/9b7e733ea2446d9a241934d331a19152.jpg,https://i.pinimg.com/originals/9b/7e/73/9b7e733ea2446d9a241934d331a19152.png
Nike SB Dunk StrangeLove DS Sz 12 Pink W/skateboad Included W/receipts #fashion #clothing #shoes #accessories #men #mensshoes (ebay link),https://i.pinimg.com/236x/87/3b/48/873b4812840061da0eee8fb3a0cbdca2.jpg,https://i.pinimg.com/474x/87/3b/48/873b4812840061da0eee8fb3a0cbdca2.jpg,https://i.pinimg.com/736x/87/3b/48/873b4812840061da0eee8fb3a0cbdca2.jpg,https://i.pinimg.com/originals/87/3b/48/873b4812840061da0eee8fb3a0cbdca2.jpg
"Nike SB Dunk Low ""Strangelove Skateboards (Special Box)"" P9, 270.00 - Discounted Price  Get the best quality UA pair at Sole Stomp PH  #NikeSBStrangelove #SoleStompPH #nikedunks #AIRJORDAN #JORDAN #sneakers #sneakersaddict #sneakersmurah #sole #shoesaddict #igsneakercommunity #sneakerhead #sneakerholics #sneakerfreaker #shoestagram #nike #sneakerheads #sneakernews #sneakerporn #sneakerfreak #sneakeroftheday #shoe #shoegame #shoeaddict #shoeporn #shoelover #shoegasm #solenation #soleil",https://i.pinimg.com/236x/06/fc/8a/06fc8a104452ed32d2f99e7aa0e0af79.jpg,https://i.pinimg.com/474x/06/fc/8a/06fc8a104452ed32d2f99e7aa0e0af79.jpg,https://i.pinimg.com/736x/06/fc/8a/06fc8a104452ed32d2f99e7aa0e0af79.jpg,https://i.pinimg.com/originals/06/fc/8a/06fc8a104452ed32d2f99e7aa0e0af79.jpg
Nike Lebron 8 V/2 Low sneakers - Blue,https://i.pinimg.com/236x/b9/70/cf/b970cf7ec35025adf9992fb2f2b7f6b6.jpg,https://i.pinimg.com/474x/b9/70/cf/b970cf7ec35025adf9992fb2f2b7f6b6.jpg,https://i.pinimg.com/736x/b9/70/cf/b970cf7ec35025adf9992fb2f2b7f6b6.jpg,https://i.pinimg.com/originals/b9/70/cf/b970cf7ec35025adf9992fb2f2b7f6b6.jpg
#SNReleaseAlert : The @strangelove.skateboards x Nike SB Dunk Low releases on Nike SNKRS on 2/8 at 10 am ET. Skate-shops will release them on 2/7. Hit the link in our bio for more details + an unboxing video.,https://i.pinimg.com/236x/2c/f0/2d/2cf02d813a36aad4ae409914152d8cec.jpg,https://i.pinimg.com/474x/2c/f0/2d/2cf02d813a36aad4ae409914152d8cec.jpg,https://i.pinimg.com/736x/2c/f0/2d/2cf02d813a36aad4ae409914152d8cec.jpg,https://i.pinimg.com/originals/2c/f0/2d/2cf02d813a36aad4ae409914152d8cec.jpg
Nike Men's Nike SB Portmore II Mid Top Skate Shoes (Dark Grey/White),https://i.pinimg.com/236x/b1/18/0a/b1180af59b8d30bed61f1de2bab3e42e.jpg,https://i.pinimg.com/474x/b1/18/0a/b1180af59b8d30bed61f1de2bab3e42e.jpg,https://i.pinimg.com/736x/b1/18/0a/b1180af59b8d30bed61f1de2bab3e42e.jpg,https://i.pinimg.com/originals/b1/18/0a/b1180af59b8d30bed61f1de2bab3e42e.jpg
"CLASSIC DESIGN FOR DAILY USE. The Nike SB Blazer Low GT pairs a supportive feel with lightweight, responsive cushioning for everyday use. Just like Grant Taylor, it blends contemporary style with old-school traditions. Flexible GripThe suede upper offers durability with a premium look while the vulcanized sole delivers flexibility and grip for great boardfeel. Responsive CushioningA Zoom Air unit in the heel gives you low-profile cushioning that's lightweight and responsive day after day. Style:",https://i.pinimg.com/236x/76/0f/8a/760f8a4e861aac040f087dbef706d9ef.jpg,https://i.pinimg.com/474x/76/0f/8a/760f8a4e861aac040f087dbef706d9ef.jpg,https://i.pinimg.com/736x/76/0f/8a/760f8a4e861aac040f087dbef706d9ef.jpg,https://i.pinimg.com/originals/76/0f/8a/760f8a4e861aac040f087dbef706d9ef.jpg
Nike SB Dunk Low ‚ÄúStrangelove‚Äù,https://i.pinimg.com/236x/08/f0/16/08f0164b1d2b41fd0bbfab48a6d1946a.jpg,https://i.pinimg.com/474x/08/f0/16/08f0164b1d2b41fd0bbfab48a6d1946a.jpg,https://i.pinimg.com/736x/08/f0/16/08f0164b1d2b41fd0bbfab48a6d1946a.jpg,https://i.pinimg.com/originals/08/f0/16/08f0164b1d2b41fd0bbfab48a6d1946a.jpg
Women/Men New Style Strangelove X Nike SB Dunk Low,https://i.pinimg.com/236x/60/17/60/601760287b10e244458b3fd7bae55330.jpg,https://i.pinimg.com/474x/60/17/60/601760287b10e244458b3fd7bae55330.jpg,https://i.pinimg.com/736x/60/17/60/601760287b10e244458b3fd7bae55330.jpg,https://i.pinimg.com/originals/60/17/60/601760287b10e244458b3fd7bae55330.png
"Black, white and gym red leather Air Jordan 1 Retro High OG sneakers from jordan featuring a round toe, a perforated detail, a lace-up front fastening, a logo patch at the tongue, a signature Nike swoosh and a rubber sole. These styles are supplied by a premium sneaker and street wear marketplace. Stocking only the most sought-after footwear and clothing, they source and curate some of the most hard-to-find items from around the world.",https://i.pinimg.com/236x/6d/be/f5/6dbef5ce2cbe273bf7ea6848f98ad3bd.jpg,https://i.pinimg.com/474x/6d/be/f5/6dbef5ce2cbe273bf7ea6848f98ad3bd.jpg,https://i.pinimg.com/736x/6d/be/f5/6dbef5ce2cbe273bf7ea6848f98ad3bd.jpg,https://i.pinimg.com/originals/6d/be/f5/6dbef5ce2cbe273bf7ea6848f98ad3bd.jpg
StrangeLove Nike SB Dunk Low CT2552-800 Release Info | SneakerNews.com,https://i.pinimg.com/236x/24/22/be/2422be3125c5bdd118799a798af18d0b.jpg,https://i.pinimg.com/474x/24/22/be/2422be3125c5bdd118799a798af18d0b.jpg,https://i.pinimg.com/736x/24/22/be/2422be3125c5bdd118799a798af18d0b.jpg,https://i.pinimg.com/originals/24/22/be/2422be3125c5bdd118799a798af18d0b.png
Air Force 1  for women outfits | Air Force 1  outfit | Air Force 1  sneakers | NIKE shoes sneakers street styles | Air Force 1  NIKE shoes | outfit style | sport | men | woman | AF1 | nike Air Force 1 outfit | Air Force shoes | Air Force 1  | Air Force 1  high | Air Force 1 sneakers womens | Force 1 shoes | Nike Womens Mens Fashion Styles Shoes Sneakers | Nike Womens Mens Outift Casual Shoes Sneakers | StrangeLove x Dunk,https://i.pinimg.com/236x/95/93/22/95932260bd19d4fc2294ca64b80d8ed2.jpg,https://i.pinimg.com/474x/95/93/22/95932260bd19d4fc2294ca64b80d8ed2.jpg,https://i.pinimg.com/736x/95/93/22/95932260bd19d4fc2294ca64b80d8ed2.jpg,https://i.pinimg.com/originals/95/93/22/95932260bd19d4fc2294ca64b80d8ed2.jpg
"Dubbed the ‚ÄúBlack Rain‚Äù colorway, this Nike SB Dunk Low features a black leather upper with faux rain drops on each quarter panel and clear plastic Swooshes. | SB Dunk Low Premium QS",https://i.pinimg.com/236x/76/31/1d/76311ddb61f8722ac332908cef3437db.jpg,https://i.pinimg.com/474x/76/31/1d/76311ddb61f8722ac332908cef3437db.jpg,https://i.pinimg.com/736x/76/31/1d/76311ddb61f8722ac332908cef3437db.jpg,https://i.pinimg.com/originals/76/31/1d/76311ddb61f8722ac332908cef3437db.png
Nike SB Dunk low StrangeLove Shoes 11,https://i.pinimg.com/236x/61/8a/1e/618a1eb092c8b6a3ece71b40761e9f44.jpg,https://i.pinimg.com/474x/61/8a/1e/618a1eb092c8b6a3ece71b40761e9f44.jpg,https://i.pinimg.com/736x/61/8a/1e/618a1eb092c8b6a3ece71b40761e9f44.jpg,https://i.pinimg.com/originals/61/8a/1e/618a1eb092c8b6a3ece71b40761e9f44.jpg
Nike SB ‚ÄúJanoski‚Äù Low  Size 9 Condition: DS (No Box Lid) Price: 65 + 5 ship (Retail is 85)  Tags: #jordan #dunk #pdx #pdxresale #reseller #dunks #nike #nikejordan #jordan1 #royaltoe #strangelove #travisscott #2020 #fyp #resells #portlandresells #5grandby2021 #rayguns #raygun #raygundunk #stussydunk #dunklow #supreme #supremetee #supremenastee #nastynas #digitee #supremedigi #boxlogo #nikesb,https://i.pinimg.com/236x/e7/0e/a4/e70ea410e58a6cbcb3eb4c18b0da4c35.jpg,https://i.pinimg.com/474x/e7/0e/a4/e70ea410e58a6cbcb3eb4c18b0da4c35.jpg,https://i.pinimg.com/736x/e7/0e/a4/e70ea410e58a6cbcb3eb4c18b0da4c35.jpg,https://i.pinimg.com/originals/e7/0e/a4/e70ea410e58a6cbcb3eb4c18b0da4c35.jpg
Nike Men's Nike SB Check Solar Canvas Skate Shoes (Red/Black/White),https://i.pinimg.com/236x/3c/95/94/3c9594bee5cc20128900770757192f9c.jpg,https://i.pinimg.com/474x/3c/95/94/3c9594bee5cc20128900770757192f9c.jpg,https://i.pinimg.com/736x/3c/95/94/3c9594bee5cc20128900770757192f9c.jpg,https://i.pinimg.com/originals/3c/95/94/3c9594bee5cc20128900770757192f9c.jpg
Nike SB Alleyoop Skate Shoe (Black),https://i.pinimg.com/236x/f3/6b/cc/f36bcc099ec711c79f4c8ce906f751d8.jpg,https://i.pinimg.com/474x/f3/6b/cc/f36bcc099ec711c79f4c8ce906f751d8.jpg,https://i.pinimg.com/736x/f3/6b/cc/f36bcc099ec711c79f4c8ce906f751d8.jpg,https://i.pinimg.com/originals/f3/6b/cc/f36bcc099ec711c79f4c8ce906f751d8.jpg
Nike Womens Mens Fashion Styles Shoes Sneakers | Nike Womens Mens Outift Casual Shoes Sneakers | Nike Fashion Shoes Sneakers 2020 Spring Summer Trends | StrangeLove x Dunk Low SB 'Valentine's Day' ct2552 800,https://i.pinimg.com/236x/4b/71/22/4b71228e8a22aa314a69bec465737d3f.jpg,https://i.pinimg.com/474x/4b/71/22/4b71228e8a22aa314a69bec465737d3f.jpg,https://i.pinimg.com/736x/4b/71/22/4b71228e8a22aa314a69bec465737d3f.jpg,https://i.pinimg.com/originals/4b/71/22/4b71228e8a22aa314a69bec465737d3f.jpg
"In the fake vs real Strangelove DUnk image above, we have pointed out how the fake sneakers have their ‚ÄúMADE IN VIETNAM‚Äù text and the other lines of text with the information about the country of producing of the sneakers looking too thin compared to the text seen on the legit Dunks.",https://i.pinimg.com/236x/51/d3/dc/51d3dcf0abab7205dcffbca22c434e64.jpg,https://i.pinimg.com/474x/51/d3/dc/51d3dcf0abab7205dcffbca22c434e64.jpg,https://i.pinimg.com/736x/51/d3/dc/51d3dcf0abab7205dcffbca22c434e64.jpg,https://i.pinimg.com/originals/51/d3/dc/51d3dcf0abab7205dcffbca22c434e64.jpg
"StrangeLove x Nike SB Dunk Low. Nike teamed up with StrangeLove Skateboards for a special edition sneaker to celebrate Valentine‚Äôs day. Here‚Äôs a complete look at the StrangeLove Skateboards x Nike SB Dunk Low.In terms of construction, StrangeLove‚Äôs Dunk Low comes dressed in a variety of romantic materials and colours. It features pink suede on the overlays and pink velvet on the panels and toe box. Red velvet is used for the Swoosh, lining, and laces. #nikesb #strangelove #dunklow #sneakers",https://i.pinimg.com/236x/56/1a/3d/561a3da2264bc4a2977a785c80df2d2e.jpg,https://i.pinimg.com/474x/56/1a/3d/561a3da2264bc4a2977a785c80df2d2e.jpg,https://i.pinimg.com/736x/56/1a/3d/561a3da2264bc4a2977a785c80df2d2e.jpg,https://i.pinimg.com/originals/56/1a/3d/561a3da2264bc4a2977a785c80df2d2e.jpg
Nike Womens Mens Fashion Styles Shoes Sneakers | Nike Womens Mens Outift Casual Shoes Sneakers | Nike Fashion Shoes Sneakers 2020 Spring Summer Trends | StrangeLove x Dunk Low SB 'Valentine's Day' CT2552 800,https://i.pinimg.com/236x/84/9c/33/849c33c95ed2864b51e83e6facf3f362.jpg,https://i.pinimg.com/474x/84/9c/33/849c33c95ed2864b51e83e6facf3f362.jpg,https://i.pinimg.com/736x/84/9c/33/849c33c95ed2864b51e83e6facf3f362.jpg,https://i.pinimg.com/originals/84/9c/33/849c33c95ed2864b51e83e6facf3f362.jpg
"The Strangelove Skateboards X Nike Sb Dunk Low Was Designed In Collaboration With The Underground Skate Brand To Celebrate Valentine‚Äôs Day. This Listing Includes The Limited Edition Packaging, Which Is Inspired By Valentine's Day Cards And Boxes From The Crew's Childhood Years In Elementary School. Holidays Have Traditionally Served As A Source Of Inspiration For Nike Sb And Their Venerable Dunk Dating Back To The Mid-aughts Heyday Of The Shoe. That Tradition Continues With This Premium Dunk Low",https://i.pinimg.com/236x/8e/1e/56/8e1e564af23cbb38d5425090ab0d8d2c.jpg,https://i.pinimg.com/474x/8e/1e/56/8e1e564af23cbb38d5425090ab0d8d2c.jpg,https://i.pinimg.com/736x/8e/1e/56/8e1e564af23cbb38d5425090ab0d8d2c.jpg,https://i.pinimg.com/originals/8e/1e/56/8e1e564af23cbb38d5425090ab0d8d2c.png
Nike Womens Mens Fashion Styles Shoes Sneakers | Nike Womens Mens Outift Casual Shoes Sneakers | Nike Fashion Shoes Sneakers 2020 Spring Summer Trends | StrangeLove x Dunk Low SB 'Valentine's Day' CT2552 800,https://i.pinimg.com/236x/03/90/66/039066fa0efd39f6462153b9f8f6c600.jpg,https://i.pinimg.com/474x/03/90/66/039066fa0efd39f6462153b9f8f6c600.jpg,https://i.pinimg.com/736x/03/90/66/039066fa0efd39f6462153b9f8f6c600.jpg,https://i.pinimg.com/originals/03/90/66/039066fa0efd39f6462153b9f8f6c600.jpg
"Sevenply on Instagram: ‚ÄúThis friday, the 7th of february, we will be releasing the Nike SB x Strangelove Dunk Low Pro. Sizes US 7 to 12 will be available in store‚Ä¶‚Äù",https://i.pinimg.com/236x/35/85/29/358529b60e1d582c95be52f4ac982161.jpg,https://i.pinimg.com/474x/35/85/29/358529b60e1d582c95be52f4ac982161.jpg,https://i.pinimg.com/736x/35/85/29/358529b60e1d582c95be52f4ac982161.jpg,https://i.pinimg.com/originals/35/85/29/358529b60e1d582c95be52f4ac982161.jpg
The Strange Love x Nike SB Dunk Low ‚ÄúHeart / Love‚Äù is scheduled to release on February 7th at Skate Shops and SNKRS App on February 8th for a retail of $100. Swipe Left to see the the full sneaker and on foot pictures! We are expecting an average resell value between $300 - $450. What are your thoughts on this SB Dunk? üå∏,https://i.pinimg.com/236x/f6/ae/0c/f6ae0c7c40c1fc19f8db260df647c53f.jpg,https://i.pinimg.com/474x/f6/ae/0c/f6ae0c7c40c1fc19f8db260df647c53f.jpg,https://i.pinimg.com/736x/f6/ae/0c/f6ae0c7c40c1fc19f8db260df647c53f.jpg,https://i.pinimg.com/originals/f6/ae/0c/f6ae0c7c40c1fc19f8db260df647c53f.jpg
StrangeLove x Nike SB Dunk Low,https://i.pinimg.com/236x/48/35/17/483517e7f9f750ef2fd638d84cc733b8.jpg,https://i.pinimg.com/474x/48/35/17/483517e7f9f750ef2fd638d84cc733b8.jpg,https://i.pinimg.com/736x/48/35/17/483517e7f9f750ef2fd638d84cc733b8.jpg,https://i.pinimg.com/originals/48/35/17/483517e7f9f750ef2fd638d84cc733b8.jpg
"A special 4th of July release, this Nike SB Dunk Low is inspired by the classic firecracker, a cornerstone to any great Independence Day celebration. ‚ÄùCaution‚Äù and ‚ÄúFlammable‚Äù are found on the heel tabs, while a firecracker pattern is also found wrapping the heel. | SB Dunk Low Premium Black",https://i.pinimg.com/236x/1e/6c/4b/1e6c4baf9df4634f2d05c288115211be.jpg,https://i.pinimg.com/474x/1e/6c/4b/1e6c4baf9df4634f2d05c288115211be.jpg,https://i.pinimg.com/736x/1e/6c/4b/1e6c4baf9df4634f2d05c288115211be.jpg,https://i.pinimg.com/originals/1e/6c/4b/1e6c4baf9df4634f2d05c288115211be.png
"-
 
 




En cette p√©riode de Saint-Valentin, Nike SB collaborent avec StrangeLove sur une paire aux couleurs de l‚Äôamour, imagin√©e par Sean Cliver et Todd Batrud : la Nike SB Dunk Low StrangeLove.
La Nike SB Dunk Low StrangeLove adopte des textures dans le th√®me de la f√™te des amoureux : une empeigne blanche et rouge en velours accord√©e √† des empi√®cements en velour roses. Les rappels de rouge au niveau des lacets, du Swoosh et de l‚Äôint√©rieur de la paire ajoutent de la fraicheur. On d√©couvre √©gal",https://i.pinimg.com/236x/75/b5/01/75b501cf31b96ec8bea8f74801939726.jpg,https://i.pinimg.com/474x/75/b5/01/75b501cf31b96ec8bea8f74801939726.jpg,https://i.pinimg.com/736x/75/b5/01/75b501cf31b96ec8bea8f74801939726.jpg,https://i.pinimg.com/originals/75/b5/01/75b501cf31b96ec8bea8f74801939726.png
Nike Dunk SB Low Atlas 35MM Grey - 504750-020,https://i.pinimg.com/236x/4a/1c/b6/4a1cb645a749c698f4f3f77b4d393897.jpg,https://i.pinimg.com/474x/4a/1c/b6/4a1cb645a749c698f4f3f77b4d393897.jpg,https://i.pinimg.com/736x/4a/1c/b6/4a1cb645a749c698f4f3f77b4d393897.jpg,https://i.pinimg.com/originals/4a/1c/b6/4a1cb645a749c698f4f3f77b4d393897.png
Nike SB Zoom Stefan Janoski RM Skate Shoe. Nike.com,https://i.pinimg.com/236x/aa/35/aa/aa35aa95b80589806bdad614b410a852.jpg,https://i.pinimg.com/474x/aa/35/aa/aa35aa95b80589806bdad614b410a852.jpg,https://i.pinimg.com/736x/aa/35/aa/aa35aa95b80589806bdad614b410a852.jpg,https://i.pinimg.com/originals/aa/35/aa/aa35aa95b80589806bdad614b410a852.jpg
Nike Dunk Low (GS) - 310569 019,https://i.pinimg.com/236x/db/d3/05/dbd305f1b51a13be28c992bfe2867a93.jpg,https://i.pinimg.com/474x/db/d3/05/dbd305f1b51a13be28c992bfe2867a93.jpg,https://i.pinimg.com/736x/db/d3/05/dbd305f1b51a13be28c992bfe2867a93.jpg,https://i.pinimg.com/originals/db/d3/05/dbd305f1b51a13be28c992bfe2867a93.png
StrangeLove Nike SB Dunk Low CT2552-800 Release Info | SneakerNews.com,https://i.pinimg.com/236x/c7/cd/a8/c7cda8cf2dcc7e06be3e89754d3e3f4c.jpg,https://i.pinimg.com/474x/c7/cd/a8/c7cda8cf2dcc7e06be3e89754d3e3f4c.jpg,https://i.pinimg.com/736x/c7/cd/a8/c7cda8cf2dcc7e06be3e89754d3e3f4c.jpg,https://i.pinimg.com/originals/c7/cd/a8/c7cda8cf2dcc7e06be3e89754d3e3f4c.png
"Nike SB Dunk Low x StrangeLove CT2552 300 Green - Nike SB Dunk (Scarpe da calcio Nike, scarpe da corsa, negozio di scarpe sportive - skscarpeit.com)",https://i.pinimg.com/236x/87/9f/7c/879f7cf680c5557875886e801c268144.jpg,https://i.pinimg.com/474x/87/9f/7c/879f7cf680c5557875886e801c268144.jpg,https://i.pinimg.com/736x/87/9f/7c/879f7cf680c5557875886e801c268144.jpg,https://i.pinimg.com/originals/87/9f/7c/879f7cf680c5557875886e801c268144.png
Air Force 1 for women outfits | Air Force 1 outfit | Air Force 1 sneakers | NIKE shoes sneakers street styles | Air Force 1 NIKE shoes | outfit style | sport | men | woman | AF1 | nike Air Force 1 outfit | Air Force shoes | Air Force 1 | Air Force 1 high | Air Force 1 sneakers womens | Force 1 shoes | Nike Womens Mens Fashion Styles Shoes Sneakers | Nike Womens Mens Outift Casual Shoes Sneakers | StrangeLove x Dunk,https://i.pinimg.com/236x/cd/80/a4/cd80a4c325642bcea3b4555f10273437.jpg,https://i.pinimg.com/474x/cd/80/a4/cd80a4c325642bcea3b4555f10273437.jpg,https://i.pinimg.com/736x/cd/80/a4/cd80a4c325642bcea3b4555f10273437.jpg,https://i.pinimg.com/originals/cd/80/a4/cd80a4c325642bcea3b4555f10273437.jpg
STRANGELOVE NIKE SB DUNK LOW PRO QS US9.5 with box	b437 #fashion #clothing #shoes #accessories #men #mensshoes (ebay link),https://i.pinimg.com/236x/83/c9/d8/83c9d844fe8addf60af716d823591f5e.jpg,https://i.pinimg.com/474x/83/c9/d8/83c9d844fe8addf60af716d823591f5e.jpg,https://i.pinimg.com/736x/83/c9/d8/83c9d844fe8addf60af716d823591f5e.jpg,https://i.pinimg.com/originals/83/c9/d8/83c9d844fe8addf60af716d823591f5e.jpg
red cny,https://i.pinimg.com/236x/34/65/eb/3465ebaca2b4d5b2c0d0eeaa5417a1fb.jpg,https://i.pinimg.com/474x/34/65/eb/3465ebaca2b4d5b2c0d0eeaa5417a1fb.jpg,https://i.pinimg.com/736x/34/65/eb/3465ebaca2b4d5b2c0d0eeaa5417a1fb.jpg,https://i.pinimg.com/originals/34/65/eb/3465ebaca2b4d5b2c0d0eeaa5417a1fb.jpg
StrangeLove x Nike SB Dunk Low Valentine's Day Green,https://i.pinimg.com/236x/f3/78/ef/f378ef1ab15b8362873a6a446746661e.jpg,https://i.pinimg.com/474x/f3/78/ef/f378ef1ab15b8362873a6a446746661e.jpg,https://i.pinimg.com/736x/f3/78/ef/f378ef1ab15b8362873a6a446746661e.jpg,https://i.pinimg.com/originals/f3/78/ef/f378ef1ab15b8362873a6a446746661e.jpg
THE SOLE HOUSE on Instagram: ‚ÄúSTRANGELOVE üíï üì∏ @yankeekicks #nikeoffwhite #offwhite #kicks #kicksonfire #virgil #nikes #offwhitenike #sneaker #sneakers #sneakerhead‚Ä¶‚Äù,https://i.pinimg.com/236x/b7/92/0f/b7920f700bbf848359b898a24939e414.jpg,https://i.pinimg.com/474x/b7/92/0f/b7920f700bbf848359b898a24939e414.jpg,https://i.pinimg.com/736x/b7/92/0f/b7920f700bbf848359b898a24939e414.jpg,https://i.pinimg.com/originals/b7/92/0f/b7920f700bbf848359b898a24939e414.jpg
Nike SB Zoom Stefan Janoski RM Skate Shoe (Black),https://i.pinimg.com/236x/e1/4c/84/e14c84d877d4969e4a47c2c9d536cd77.jpg,https://i.pinimg.com/474x/e1/4c/84/e14c84d877d4969e4a47c2c9d536cd77.jpg,https://i.pinimg.com/736x/e1/4c/84/e14c84d877d4969e4a47c2c9d536cd77.jpg,https://i.pinimg.com/originals/e1/4c/84/e14c84d877d4969e4a47c2c9d536cd77.jpg
Nike Dunk Low (GS) - 310569 019,https://i.pinimg.com/236x/e2/77/11/e27711a46408233a5e685bf3d6d0f366.jpg,https://i.pinimg.com/474x/e2/77/11/e27711a46408233a5e685bf3d6d0f366.jpg,https://i.pinimg.com/736x/e2/77/11/e27711a46408233a5e685bf3d6d0f366.jpg,https://i.pinimg.com/originals/e2/77/11/e27711a46408233a5e685bf3d6d0f366.png
Nike Dunk SB Low Dark Chocolate Linen - 313170-203,https://i.pinimg.com/236x/c9/a9/f2/c9a9f217558b23cb560969d297c7a86a.jpg,https://i.pinimg.com/474x/c9/a9/f2/c9a9f217558b23cb560969d297c7a86a.jpg,https://i.pinimg.com/736x/c9/a9/f2/c9a9f217558b23cb560969d297c7a86a.jpg,https://i.pinimg.com/originals/c9/a9/f2/c9a9f217558b23cb560969d297c7a86a.png
Love Nike Dunk Low SB x StrangeLove 'Valentine's Day Special Box,https://i.pinimg.com/236x/7e/64/e9/7e64e98b45697aae78cef618242cc968.jpg,https://i.pinimg.com/474x/7e/64/e9/7e64e98b45697aae78cef618242cc968.jpg,https://i.pinimg.com/736x/7e/64/e9/7e64e98b45697aae78cef618242cc968.jpg,https://i.pinimg.com/originals/7e/64/e9/7e64e98b45697aae78cef618242cc968.png
